PRAGMA foreign_keys=OFF;
BEGIN TRANSACTION;
CREATE TABLE composers (
compID int,
name text,
born int,
died int,
nationality text,
primary key (compID)
);
INSERT INTO "composers" VALUES(1,'Johann Nicolaus Bach',1669,1753,'German');
INSERT INTO "composers" VALUES(2,'Barbara of Portugal',1711,1758,'Portuguese');
INSERT INTO "composers" VALUES(3,'John Christopher Smith',1712,1795,'English');
INSERT INTO "composers" VALUES(4,'Leopold Mozart',1719,1787,'German');
INSERT INTO "composers" VALUES(5,'Antonio Lolli',1725,1802,'Italian');
INSERT INTO "composers" VALUES(6,'Joseph Haydn',1732,1809,'German');
INSERT INTO "composers" VALUES(7,'Simon Le Duc',1742,1777,'French');
INSERT INTO "composers" VALUES(8,'Luigi Boccherini',1743,1805,'Italian');
INSERT INTO "composers" VALUES(9,'Antonio Salieri',1750,1825,'Italian');
INSERT INTO "composers" VALUES(10,'Maria Anna Mozart',1751,1829,'German');
INSERT INTO "composers" VALUES(11,'Muzio Clementi',1752,1832,'Italian');
INSERT INTO "composers" VALUES(12,'Wolfgang Amadeus Mozart',1756,1791,'German');
INSERT INTO "composers" VALUES(13,'Ludwig van Beethoven',1770,1827,'German');
INSERT INTO "composers" VALUES(14,'Ferdinando Carulli',1770,1841,'Italian');
INSERT INTO "composers" VALUES(15,'Édouard Du Puy',1770,1822,'Swiss');
INSERT INTO "composers" VALUES(16,'Peter Hänsel',1770,1831,'German-Austrian');
INSERT INTO "composers" VALUES(17,'James Hewitt',1770,1827,'American');
INSERT INTO "composers" VALUES(18,'Anton Reicha',1770,1836,'Czech-born French');
INSERT INTO "composers" VALUES(19,'Christian Heinrich Rinck',1770,1846,'German');
INSERT INTO "composers" VALUES(20,'Jan August Vitásek',1770,1839,'Bohemian');
INSERT INTO "composers" VALUES(21,'Adam Valentin Volckmar',1770,1851,'German');
INSERT INTO "composers" VALUES(22,'Friedrich Witt',1770,1836,'German');
INSERT INTO "composers" VALUES(23,'Johann Baptist Cramer',1771,1858,'English');
INSERT INTO "composers" VALUES(24,'Ferdinando Paer',1771,1839,'Italian');
INSERT INTO "composers" VALUES(25,'Maria Frances Parke',1772,1822,'English');
INSERT INTO "composers" VALUES(26,'François-Louis Perne',1772,1832,'French');
INSERT INTO "composers" VALUES(27,'Josef Triebensee',1772,1846,'Bohemian');
INSERT INTO "composers" VALUES(28,'Johann Wilhelm Wilms',1772,1847,'Dutch-German');
INSERT INTO "composers" VALUES(29,'Sophie Bawr',1773,1860,'French');
INSERT INTO "composers" VALUES(30,'Pietro Generali',1773,1832,'Italian');
INSERT INTO "composers" VALUES(31,'Wenzel Thomas Matiegka',1773,1830,'Bohemian');
INSERT INTO "composers" VALUES(32,'Bartolomeo Bortolazzi',1773,1820,'Italian');
INSERT INTO "composers" VALUES(33,'Pierre Rode',1774,1830,'French');
INSERT INTO "composers" VALUES(34,'Gaspare Spontini',1774,1851,'Italian');
INSERT INTO "composers" VALUES(35,'Václav Tomášek',1774,1850,'Czech');
INSERT INTO "composers" VALUES(36,'Christoph Ernst Friedrich Weyse',1774,1842,'Danish');
INSERT INTO "composers" VALUES(37,'Johann Anton André',1775,1842,'German');
INSERT INTO "composers" VALUES(38,'François-Adrien Boieldieu',1775,1834,'French');
INSERT INTO "composers" VALUES(39,'João Domingos Bomtempo',1775,1842,'Portuguese');
INSERT INTO "composers" VALUES(40,'Bernhard Crusell',1775,1838,'Finnish');
INSERT INTO "composers" VALUES(41,'Sophia Dussek',1775,1847,'Scottish');
INSERT INTO "composers" VALUES(42,'François de Fossa',1775,1849,'French');
INSERT INTO "composers" VALUES(43,'Ernst Theodor Amadeus Hoffmann',1776,1822,'German');
INSERT INTO "composers" VALUES(44,'Joseph Küffner',1776,1856,'German');
INSERT INTO "composers" VALUES(45,'Philipp Jakob Riotte',1776,1856,'German');
INSERT INTO "composers" VALUES(46,'Ignaz von Seyfried',1776,1841,'Austrian');
INSERT INTO "composers" VALUES(47,'Ludwig Berger',1777,1839,'German');
INSERT INTO "composers" VALUES(48,'Pauline Duchambge',1778,1858,'French');
INSERT INTO "composers" VALUES(49,'Johann Nepomuk Hummel',1778,1837,'Austrian');
INSERT INTO "composers" VALUES(50,'Sigismund von Neukomm',1778,1858,'Austrian');
INSERT INTO "composers" VALUES(51,'Fernando Sor',1778,1839,'Spanish');
INSERT INTO "composers" VALUES(52,'William Knyvett',1779,1856,'British');
INSERT INTO "composers" VALUES(53,'Louise Reichardt',1779,1826,'German');
INSERT INTO "composers" VALUES(54,'Luigi Antonio Calegari',1780,1849,'Italian');
INSERT INTO "composers" VALUES(55,'Conradin Kreutzer',1780,1849,'German');
INSERT INTO "composers" VALUES(56,'Louis François Dauprat',1781,1868,'French');
INSERT INTO "composers" VALUES(57,'Anton Diabelli',1781,1858,'Austrian');
INSERT INTO "composers" VALUES(58,'Mauro Giuliani',1781,1828,'Italian');
INSERT INTO "composers" VALUES(59,'Anthony Philip Heinrich',1781,1861,'American');
INSERT INTO "composers" VALUES(60,'Sophie Lebrun',1781,1863,'German');
INSERT INTO "composers" VALUES(61,'François Joseph Naderman',1781,1835,'French');
INSERT INTO "composers" VALUES(62,'Daniel Auber',1782,1871,'French');
INSERT INTO "composers" VALUES(63,'Carlo Coccia',1782,1873,'Italian');
INSERT INTO "composers" VALUES(64,'John Field',1782,1837,'Irish');
INSERT INTO "composers" VALUES(65,'Niccolò Paganini',1782,1840,'Italian');
INSERT INTO "composers" VALUES(66,'Charlotta Seuerling',1782,1828,'Swedish');
INSERT INTO "composers" VALUES(67,'Friedrich Dotzauer',1783,1860,'German');
INSERT INTO "composers" VALUES(68,'Teresa Belloc-Giorgi',1784,1855,'Italian');
INSERT INTO "composers" VALUES(69,'Martin-Joseph Mengal',1784,1851,'Belgian');
INSERT INTO "composers" VALUES(70,'Francesco Morlacchi',1784,1841,'Italian');
INSERT INTO "composers" VALUES(71,'George Onslow',1784,1853,'Anglo-French');
INSERT INTO "composers" VALUES(72,'Ferdinand Ries',1784,1838,'German');
INSERT INTO "composers" VALUES(73,'Louis Spohr',1784,1859,'German');
INSERT INTO "composers" VALUES(74,'Alexandre Pierre François Boëly',1785,1858,'French');
INSERT INTO "composers" VALUES(75,'Bettina von Arnim',1785,1859,'German');
INSERT INTO "composers" VALUES(76,'Catherina Cibbini-Kozeluch',1785,1858,'Austrian');
INSERT INTO "composers" VALUES(77,'Isabella Colbran',1785,1845,'Spanish');
INSERT INTO "composers" VALUES(78,'Karol Kurpiński',1785,1857,'Polish');
INSERT INTO "composers" VALUES(79,'Marie Bigot',1785,1820,'French');
INSERT INTO "composers" VALUES(80,'Henry Bishop',1786,1855,'English');
INSERT INTO "composers" VALUES(81,'Friedrich Kuhlau',1786,1832,'German-Danish');
INSERT INTO "composers" VALUES(82,'Pietro Raimondi',1786,1853,'Italian');
INSERT INTO "composers" VALUES(83,'Carl Maria von Weber',1786,1826,'German');
INSERT INTO "composers" VALUES(84,'Alexander Alyabyev',1787,1851,'Russian');
INSERT INTO "composers" VALUES(85,'Michele Carafa',1787,1872,'Italian');
INSERT INTO "composers" VALUES(86,'Johann Peter Pixis',1788,1874,'German');
INSERT INTO "composers" VALUES(87,'Simon Sechter',1788,1867,'Austrian');
INSERT INTO "composers" VALUES(88,'Elena Asachi',1789,1877,'Romanian');
INSERT INTO "composers" VALUES(89,'Nicolas-Charles Bochsa',1789,1856,'French');
INSERT INTO "composers" VALUES(90,'Friedrich Ernst Fesca',1789,1826,'German');
INSERT INTO "composers" VALUES(91,'Maria Agata Szymanowska',1789,1831,'Polish');
INSERT INTO "composers" VALUES(92,'Harriet Browne',1790,1858,'English');
INSERT INTO "composers" VALUES(93,'Carl Czerny',1791,1857,'Austrian');
INSERT INTO "composers" VALUES(94,'Ferdinand Hérold',1791,1833,'French');
INSERT INTO "composers" VALUES(95,'Giacomo Meyerbeer',1791,1864,'German');
INSERT INTO "composers" VALUES(96,'Franz Xaver Wolfgang Mozart',1791,1844,'Austrian');
INSERT INTO "composers" VALUES(97,'Carlo Evasio Soliva',1791,1853,'Swiss-Italian');
INSERT INTO "composers" VALUES(98,'Jan Václav Voříšek',1791,1825,'Bohemian');
INSERT INTO "composers" VALUES(99,'Gioachino Rossini',1792,1868,'Italian');
INSERT INTO "composers" VALUES(100,'Hedda Wrangel',1792,1833,'Swedish');
INSERT INTO "composers" VALUES(101,'Gertrude van den Bergh',1793,1840,'Dutch');
INSERT INTO "composers" VALUES(102,'Bernhard Klein',1793,1832,'German');
INSERT INTO "composers" VALUES(103,'Caroline Ridderstolpe',1793,1878,'Swedish');
INSERT INTO "composers" VALUES(104,'Princess Amalie of Saxony',1794,1870,'German');
INSERT INTO "composers" VALUES(105,'Ignaz Moscheles',1794,1870,'Czech');
INSERT INTO "composers" VALUES(106,'Josif Šlezinger',1794,1870,'Serbian');
INSERT INTO "composers" VALUES(107,'Saverio Mercadante',1795,1870,'Italian');
INSERT INTO "composers" VALUES(108,'Nikolaos Mantzaros',1795,1872,'Greek');
INSERT INTO "composers" VALUES(109,'Franz Berwald',1796,1868,'Swedish');
INSERT INTO "composers" VALUES(110,'Helene Liebmann',1796,1835,'German');
INSERT INTO "composers" VALUES(111,'Carl Loewe',1796,1869,'German');
INSERT INTO "composers" VALUES(112,'Mathilda d''Orozco',1796,1863,'Swedish');
INSERT INTO "composers" VALUES(113,'Giovanni Pacini',1796,1867,'Italian');
INSERT INTO "composers" VALUES(114,'Emilie Zumsteeg',1796,1857,'German');
INSERT INTO "composers" VALUES(115,'Luigi Castellacci',1797,1845,'Italian');
INSERT INTO "composers" VALUES(116,'Gaetano Donizetti',1797,1848,'Italian');
INSERT INTO "composers" VALUES(117,'Franz Schubert',1797,1828,'Austrian');
INSERT INTO "composers" VALUES(118,'Annette von Droste-Hülshoff',1797,1848,'German');
INSERT INTO "composers" VALUES(119,'Antonio Rolla',1798,1837,'Italian');
INSERT INTO "composers" VALUES(120,'Olivia Buckley',1799,1847,'English');
INSERT INTO "composers" VALUES(121,'Maria Frederica von Stedingk',1799,1868,'Swedish');
INSERT INTO "composers" VALUES(122,'Fromental Halévy',1799,1862,'French');
INSERT INTO "composers" VALUES(123,'Oscar I of Sweden',1799,1859,'Swedish');
INSERT INTO "composers" VALUES(124,'Vincenzo Bellini',1801,1835,'Italian');
INSERT INTO "composers" VALUES(125,'Jean-Baptiste Duvernoy',1802,1880,'French');
INSERT INTO "composers" VALUES(126,'Amédée Méreaux',1802,1874,'French');
INSERT INTO "composers" VALUES(127,'Cesare Pugni',1802,1870,'Italian');
INSERT INTO "composers" VALUES(128,'Eliza Flower',1803,1846,'English');
INSERT INTO "composers" VALUES(129,'Adolphe Adam',1803,1856,'French');
INSERT INTO "composers" VALUES(130,'Hector Berlioz',1803,1869,'French');
INSERT INTO "composers" VALUES(131,'Henri Herz',1803,1888,'Austrian');
INSERT INTO "composers" VALUES(132,'Franz Lachner',1803,1890,'German');
INSERT INTO "composers" VALUES(133,'Louise Farrenc',1804,1875,'French');
INSERT INTO "composers" VALUES(134,'Mikhail Glinka',1804,1857,'Russian');
INSERT INTO "composers" VALUES(135,'Johann Strauss I',1804,1849,'Austrian');
INSERT INTO "composers" VALUES(136,'Fanny Mendelssohn',1805,1847,'German');
INSERT INTO "composers" VALUES(137,'Leopold von Zenetti',1805,1892,'Austrian');
INSERT INTO "composers" VALUES(138,'Juan Crisóstomo Arriaga',1806,1826,'Spanish');
INSERT INTO "composers" VALUES(139,'Johann Kaspar Mertz',1806,1856,'Hungarian');
INSERT INTO "composers" VALUES(140,'Johann Friedrich Franz Burgmüller',1806,1874,'German');
INSERT INTO "composers" VALUES(141,'Ignaz Lachner',1807,1895,'German');
INSERT INTO "composers" VALUES(142,'Michael William Balfe',1808,1870,'Irish');
INSERT INTO "composers" VALUES(143,'Sebastián Iradier',1809,1865,'Spanish');
INSERT INTO "composers" VALUES(144,'Felix Mendelssohn',1809,1847,'German');
INSERT INTO "composers" VALUES(145,'Otto Lindblad',1809,1864,'Swedish');
INSERT INTO "composers" VALUES(146,'Frédéric Chopin',1810,1849,'Polish');
INSERT INTO "composers" VALUES(147,'Ferenc Erkel',1810,1893,'Hungarian');
INSERT INTO "composers" VALUES(148,'Otto Nicolai',1810,1849,'German');
INSERT INTO "composers" VALUES(149,'Norbert Burgmüller',1810,1836,'German');
INSERT INTO "composers" VALUES(150,'Robert Schumann',1810,1856,'German');
INSERT INTO "composers" VALUES(151,'Ludwig Schuncke',1810,1834,'German');
INSERT INTO "composers" VALUES(152,'Ferdinand David',1810,1873,'German');
INSERT INTO "composers" VALUES(153,'Wilhelm Taubert',1811,1891,'German');
INSERT INTO "composers" VALUES(154,'Franz Liszt',1811,1886,'Hungarian');
INSERT INTO "composers" VALUES(155,'Ferdinand Hiller',1811,1885,'German');
INSERT INTO "composers" VALUES(156,'Ambroise Thomas',1811,1896,'French');
INSERT INTO "composers" VALUES(157,'Spyridon Xyndas',1812,1896,'Greek');
INSERT INTO "composers" VALUES(158,'Sigismond Thalberg',1812,1871,'Austrian');
INSERT INTO "composers" VALUES(159,'Louis-Antoine Jullien',1812,1860,'French');
INSERT INTO "composers" VALUES(160,'Emilie Mayer',1812,1883,'German');
INSERT INTO "composers" VALUES(161,'Friedrich von Flotow',1812,1883,'German');
INSERT INTO "composers" VALUES(162,'Alexandre Dubuque',1812,1898,'Russian-French');
INSERT INTO "composers" VALUES(163,'Joaquín Espín y Guillén',1812,1881,'Spanish');
INSERT INTO "composers" VALUES(164,'Johann Rufinatscha',1812,1893,'Austrian');
INSERT INTO "composers" VALUES(165,'Stephen Heller',1813,1888,'Hungarian');
INSERT INTO "composers" VALUES(166,'Alexander Dargomyzhsky',1813,1869,'Russian');
INSERT INTO "composers" VALUES(167,'Charles-Valentin Alkan',1813,1888,'French');
INSERT INTO "composers" VALUES(168,'Ernst Haberbier',1813,1869,'German');
INSERT INTO "composers" VALUES(169,'George Alexander Macfarren',1813,1887,'English');
INSERT INTO "composers" VALUES(170,'Richard Wagner',1813,1883,'German');
INSERT INTO "composers" VALUES(171,'Giuseppe Verdi',1813,1901,'Italian');
INSERT INTO "composers" VALUES(172,'Andonios Liveralis',1814,1842,'Greek');
INSERT INTO "composers" VALUES(173,'Giuseppe Lillo',1814,1863,'Italian');
INSERT INTO "composers" VALUES(174,'Adolf von Henselt',1814,1889,'German');
INSERT INTO "composers" VALUES(175,'Josephine Lang',1815,1880,'German');
INSERT INTO "composers" VALUES(176,'Ferdinand Praeger',1815,1891,'German');
INSERT INTO "composers" VALUES(177,'Robert Volkmann',1815,1883,'German');
INSERT INTO "composers" VALUES(178,'William Sterndale Bennett',1816,1875,'English');
INSERT INTO "composers" VALUES(179,'Charles Dancla',1817,1907,'French');
INSERT INTO "composers" VALUES(180,'Émile Prudent',1817,1863,'French');
INSERT INTO "composers" VALUES(181,'Károly Thern',1817,1886,'Hungarian');
INSERT INTO "composers" VALUES(182,'Niels Gade',1817,1890,'Danish');
INSERT INTO "composers" VALUES(183,'Henry Litolff',1818,1891,'British');
INSERT INTO "composers" VALUES(184,'Charles Gounod',1818,1893,'French');
INSERT INTO "composers" VALUES(185,'Antonio Bazzini',1818,1897,'Italian');
INSERT INTO "composers" VALUES(186,'Jacques Offenbach',1819,1880,'French');
INSERT INTO "composers" VALUES(187,'Franz von Suppé',1819,1895,'Austrian');
INSERT INTO "composers" VALUES(188,'Stanisław Moniuszko',1819,1872,'Polish');
INSERT INTO "composers" VALUES(189,'Clara Schumann',1819,1896,'German');
INSERT INTO "composers" VALUES(190,'Henri Vieuxtemps',1820,1881,'Belgian');
INSERT INTO "composers" VALUES(191,'Giovanni Bottesini',1821,1889,'Italian');
INSERT INTO "composers" VALUES(192,'Josip Runjanin',1821,1878,'Serbian');
INSERT INTO "composers" VALUES(193,'Emilie Hammarskjöld',1821,1854,'Swedish');
INSERT INTO "composers" VALUES(194,'Joachim Raff',1822,1882,'Swiss-born German');
INSERT INTO "composers" VALUES(195,'César Franck',1822,1890,'Belgian-born French');
INSERT INTO "composers" VALUES(196,'Luigi Arditi',1822,1903,'Italian');
INSERT INTO "composers" VALUES(197,'Édouard Lalo',1823,1892,'French');
INSERT INTO "composers" VALUES(198,'Theodor Kirchner',1823,1903,'German');
INSERT INTO "composers" VALUES(199,'Anton Bruckner',1824,1896,'Austrian');
INSERT INTO "composers" VALUES(200,'Bedřich Smetana',1824,1884,'Czech');
INSERT INTO "composers" VALUES(201,'Carl Reinecke',1824,1910,'German');
INSERT INTO "composers" VALUES(202,'Jean-Baptiste Arban',1825,1889,'French');
INSERT INTO "composers" VALUES(203,'Johann Strauss II',1825,1899,'Austrian');
INSERT INTO "composers" VALUES(204,'Richard Hol',1825,1904,'Dutch');
INSERT INTO "composers" VALUES(205,'Jan Gerard Palm',1831,1906,'Dutch Antillean');
INSERT INTO "composers" VALUES(206,'Hiromori Hayashi',1831,1896,'Japanese');
INSERT INTO "composers" VALUES(207,'Joseph Joachim',1831,1907,'Hungarian');
INSERT INTO "composers" VALUES(208,'Eduardo Mezzacapo',1832,1898,'Italian');
INSERT INTO "composers" VALUES(209,'August Söderman',1832,1876,'Swedish');
INSERT INTO "composers" VALUES(210,'Francis Edward Bache',1833,1858,'English');
INSERT INTO "composers" VALUES(211,'Alexander Borodin',1833,1887,'Russian');
INSERT INTO "composers" VALUES(212,'Johannes Brahms',1833,1897,'German');
INSERT INTO "composers" VALUES(213,'Amilcare Ponchielli',1834,1886,'Italian');
INSERT INTO "composers" VALUES(214,'Tekla Bądarzewska-Baranowska',1834,1861,'Polish');
INSERT INTO "composers" VALUES(215,'Julius Reubke',1834,1858,'German');
INSERT INTO "composers" VALUES(216,'Peter Benoit',1834,1901,'Flemish');
INSERT INTO "composers" VALUES(217,'Giuseppe Branzoli',1835,1909,'Italian');
INSERT INTO "composers" VALUES(218,'Felix Draeseke',1835,1913,'German');
INSERT INTO "composers" VALUES(219,'Camille Saint-Saëns',1835,1921,'French');
INSERT INTO "composers" VALUES(220,'Henryk Wieniawski',1835,1880,'Polish');
INSERT INTO "composers" VALUES(221,'Eduard Strauss',1835,1916,'Austrian');
INSERT INTO "composers" VALUES(222,'César Cui',1835,1918,'Russian');
INSERT INTO "composers" VALUES(223,'Davorin Jenko',1835,1914,'Slovenian-born Serbian');
INSERT INTO "composers" VALUES(224,'Friedrich Baumfelder',1836,1916,'German');
INSERT INTO "composers" VALUES(225,'Léo Delibes',1836,1891,'French');
INSERT INTO "composers" VALUES(226,'Antônio Carlos Gomes',1836,1896,'Brazilian');
INSERT INTO "composers" VALUES(227,'Bertha Tammelin',1836,1915,'Swedish');
INSERT INTO "composers" VALUES(228,'Julius Weissenborn',1837,1888,'German');
INSERT INTO "composers" VALUES(229,'Émile Waldteufel',1837,1915,'French');
INSERT INTO "composers" VALUES(230,'Mily Balakirev',1837,1910,'Russian');
INSERT INTO "composers" VALUES(231,'Georges Bizet',1838,1875,'French');
INSERT INTO "composers" VALUES(232,'Max Bruch',1838,1920,'German');
INSERT INTO "composers" VALUES(233,'Modest Mussorgsky',1839,1881,'Russian');
INSERT INTO "composers" VALUES(234,'John Knowles Paine',1839,1906,'American');
INSERT INTO "composers" VALUES(235,'Josef Rheinberger',1839,1901,'German');
INSERT INTO "composers" VALUES(236,'Pyotr Ilyich Tchaikovsky',1840,1893,'Russian');
INSERT INTO "composers" VALUES(237,'John Stainer',1840,1901,'English');
INSERT INTO "composers" VALUES(238,'Johan Svendsen',1840,1911,'Norwegian');
INSERT INTO "composers" VALUES(239,'Emmanuel Chabrier',1841,1894,'French');
INSERT INTO "composers" VALUES(240,'Antonín Dvořák',1841,1904,'Czech');
INSERT INTO "composers" VALUES(241,'Edvard Grieg',1843,1907,'Norwegian');
INSERT INTO "composers" VALUES(242,'Nikolai Rimsky-Korsakov',1844,1908,'Russian');
INSERT INTO "composers" VALUES(243,'Pietro Armanini',1844,1895,'Italian');
INSERT INTO "composers" VALUES(244,'Pablo de Sarasate',1844,1908,'Spanish');
INSERT INTO "composers" VALUES(245,'Charles-Marie Widor',1844,1937,'French');
INSERT INTO "composers" VALUES(246,'Friedrich Nietzsche',1844,1900,'German');
INSERT INTO "composers" VALUES(247,'Ion Ivanovici',1845,1902,'Serbian-born Romanian');
INSERT INTO "composers" VALUES(248,'Gabriel Fauré',1845,1924,'French');
INSERT INTO "composers" VALUES(249,'Ignaz Brüll',1846,1907,'Austrian');
INSERT INTO "composers" VALUES(250,'Luigi Denza',1846,1922,'Italian');
INSERT INTO "composers" VALUES(251,'Ferdinando de Cristofaro',1846,1890,'Italian');
INSERT INTO "composers" VALUES(252,'Zygmunt Noskowski',1846,1909,'Polish');
INSERT INTO "composers" VALUES(253,'Augusta Holmès',1847,1903,'French');
INSERT INTO "composers" VALUES(254,'Robert Fuchs',1847,1927,'Austrian');
INSERT INTO "composers" VALUES(255,'Philipp Scharwenka',1847,1917,'German-Polish');
INSERT INTO "composers" VALUES(256,'Henri Duparc',1848,1933,'French');
INSERT INTO "composers" VALUES(257,'Hubert Parry',1848,1918,'English');
INSERT INTO "composers" VALUES(258,'Benjamin Godard',1849,1895,'French');
INSERT INTO "composers" VALUES(259,'Ernesto Köhler',1849,1907,'Italian');
INSERT INTO "composers" VALUES(260,'C. A. Bracco',1850,1903,'Italian');
INSERT INTO "composers" VALUES(261,'Xaver Scharwenka',1850,1924,'German-Polish');
INSERT INTO "composers" VALUES(262,'Alexandre Luigini',1850,1906,'French');
INSERT INTO "composers" VALUES(263,'Josif Marinković',1851,1931,'Serbian');
INSERT INTO "composers" VALUES(264,'Giacomo Puccini',1858,1924,'Italian');
INSERT INTO "composers" VALUES(265,'Eugène Ysaÿe',1858,1931,'Belgian');
INSERT INTO "composers" VALUES(266,'Mikhail Ippolitov-Ivanov',1859,1935,'Russian');
INSERT INTO "composers" VALUES(267,'Victor Herbert',1859,1924,'Irish-born American');
INSERT INTO "composers" VALUES(268,'Sergei Lyapunov',1859,1924,'Russian');
INSERT INTO "composers" VALUES(269,'Per Lasson',1859,1883,'Norwegian');
INSERT INTO "composers" VALUES(270,'Robert Tolinger',1859,1911,'Czech-born Serbian');
CREATE TABLE eras (
eraID int,
era text,
beginning int,
end int,
primary key (eraID)
);
INSERT INTO "eras" VALUES(1,'Classical',1730,1820);
INSERT INTO "eras" VALUES(2,'Romantic',1825,1910);
CREATE TABLE ComposerEras (
compID int,
eraID int,
primary key (compID,eraID),
foreign key (compID) references composers(compID),
foreign key (eraID) references eras(eraID)
);
INSERT INTO "ComposerEras" VALUES(1,1);
INSERT INTO "ComposerEras" VALUES(2,1);
INSERT INTO "ComposerEras" VALUES(3,1);
INSERT INTO "ComposerEras" VALUES(4,1);
INSERT INTO "ComposerEras" VALUES(5,1);
INSERT INTO "ComposerEras" VALUES(6,1);
INSERT INTO "ComposerEras" VALUES(7,1);
INSERT INTO "ComposerEras" VALUES(8,1);
INSERT INTO "ComposerEras" VALUES(9,1);
INSERT INTO "ComposerEras" VALUES(10,1);
INSERT INTO "ComposerEras" VALUES(11,1);
INSERT INTO "ComposerEras" VALUES(12,1);
INSERT INTO "ComposerEras" VALUES(13,1);
INSERT INTO "ComposerEras" VALUES(14,1);
INSERT INTO "ComposerEras" VALUES(15,1);
INSERT INTO "ComposerEras" VALUES(16,1);
INSERT INTO "ComposerEras" VALUES(17,1);
INSERT INTO "ComposerEras" VALUES(18,1);
INSERT INTO "ComposerEras" VALUES(19,1);
INSERT INTO "ComposerEras" VALUES(20,1);
INSERT INTO "ComposerEras" VALUES(21,1);
INSERT INTO "ComposerEras" VALUES(22,1);
INSERT INTO "ComposerEras" VALUES(23,1);
INSERT INTO "ComposerEras" VALUES(24,1);
INSERT INTO "ComposerEras" VALUES(25,1);
INSERT INTO "ComposerEras" VALUES(26,1);
INSERT INTO "ComposerEras" VALUES(27,1);
INSERT INTO "ComposerEras" VALUES(28,1);
INSERT INTO "ComposerEras" VALUES(29,1);
INSERT INTO "ComposerEras" VALUES(30,1);
INSERT INTO "ComposerEras" VALUES(31,1);
INSERT INTO "ComposerEras" VALUES(32,1);
INSERT INTO "ComposerEras" VALUES(33,1);
INSERT INTO "ComposerEras" VALUES(34,1);
INSERT INTO "ComposerEras" VALUES(35,1);
INSERT INTO "ComposerEras" VALUES(36,1);
INSERT INTO "ComposerEras" VALUES(37,1);
INSERT INTO "ComposerEras" VALUES(38,1);
INSERT INTO "ComposerEras" VALUES(39,1);
INSERT INTO "ComposerEras" VALUES(40,1);
INSERT INTO "ComposerEras" VALUES(41,1);
INSERT INTO "ComposerEras" VALUES(42,1);
INSERT INTO "ComposerEras" VALUES(43,1);
INSERT INTO "ComposerEras" VALUES(44,1);
INSERT INTO "ComposerEras" VALUES(45,1);
INSERT INTO "ComposerEras" VALUES(46,1);
INSERT INTO "ComposerEras" VALUES(47,1);
INSERT INTO "ComposerEras" VALUES(48,1);
INSERT INTO "ComposerEras" VALUES(49,1);
INSERT INTO "ComposerEras" VALUES(50,1);
INSERT INTO "ComposerEras" VALUES(51,1);
INSERT INTO "ComposerEras" VALUES(52,1);
INSERT INTO "ComposerEras" VALUES(53,1);
INSERT INTO "ComposerEras" VALUES(54,1);
INSERT INTO "ComposerEras" VALUES(55,1);
INSERT INTO "ComposerEras" VALUES(56,1);
INSERT INTO "ComposerEras" VALUES(57,1);
INSERT INTO "ComposerEras" VALUES(58,1);
INSERT INTO "ComposerEras" VALUES(59,1);
INSERT INTO "ComposerEras" VALUES(60,1);
INSERT INTO "ComposerEras" VALUES(61,1);
INSERT INTO "ComposerEras" VALUES(62,1);
INSERT INTO "ComposerEras" VALUES(63,1);
INSERT INTO "ComposerEras" VALUES(64,1);
INSERT INTO "ComposerEras" VALUES(65,1);
INSERT INTO "ComposerEras" VALUES(66,1);
INSERT INTO "ComposerEras" VALUES(67,1);
INSERT INTO "ComposerEras" VALUES(68,1);
INSERT INTO "ComposerEras" VALUES(69,1);
INSERT INTO "ComposerEras" VALUES(70,1);
INSERT INTO "ComposerEras" VALUES(71,1);
INSERT INTO "ComposerEras" VALUES(72,1);
INSERT INTO "ComposerEras" VALUES(73,1);
INSERT INTO "ComposerEras" VALUES(74,1);
INSERT INTO "ComposerEras" VALUES(75,1);
INSERT INTO "ComposerEras" VALUES(76,1);
INSERT INTO "ComposerEras" VALUES(77,1);
INSERT INTO "ComposerEras" VALUES(78,1);
INSERT INTO "ComposerEras" VALUES(79,1);
INSERT INTO "ComposerEras" VALUES(80,1);
INSERT INTO "ComposerEras" VALUES(81,1);
INSERT INTO "ComposerEras" VALUES(82,1);
INSERT INTO "ComposerEras" VALUES(83,1);
INSERT INTO "ComposerEras" VALUES(84,1);
INSERT INTO "ComposerEras" VALUES(85,1);
INSERT INTO "ComposerEras" VALUES(86,1);
INSERT INTO "ComposerEras" VALUES(87,1);
INSERT INTO "ComposerEras" VALUES(88,1);
INSERT INTO "ComposerEras" VALUES(89,1);
INSERT INTO "ComposerEras" VALUES(90,1);
INSERT INTO "ComposerEras" VALUES(91,1);
INSERT INTO "ComposerEras" VALUES(92,1);
INSERT INTO "ComposerEras" VALUES(93,1);
INSERT INTO "ComposerEras" VALUES(94,1);
INSERT INTO "ComposerEras" VALUES(95,1);
INSERT INTO "ComposerEras" VALUES(96,1);
INSERT INTO "ComposerEras" VALUES(97,1);
INSERT INTO "ComposerEras" VALUES(98,1);
INSERT INTO "ComposerEras" VALUES(99,1);
INSERT INTO "ComposerEras" VALUES(100,1);
INSERT INTO "ComposerEras" VALUES(101,1);
INSERT INTO "ComposerEras" VALUES(102,1);
INSERT INTO "ComposerEras" VALUES(103,1);
INSERT INTO "ComposerEras" VALUES(104,1);
INSERT INTO "ComposerEras" VALUES(105,1);
INSERT INTO "ComposerEras" VALUES(106,1);
INSERT INTO "ComposerEras" VALUES(107,1);
INSERT INTO "ComposerEras" VALUES(108,1);
INSERT INTO "ComposerEras" VALUES(109,1);
INSERT INTO "ComposerEras" VALUES(110,1);
INSERT INTO "ComposerEras" VALUES(111,1);
INSERT INTO "ComposerEras" VALUES(112,1);
INSERT INTO "ComposerEras" VALUES(113,1);
INSERT INTO "ComposerEras" VALUES(114,1);
INSERT INTO "ComposerEras" VALUES(115,1);
INSERT INTO "ComposerEras" VALUES(116,1);
INSERT INTO "ComposerEras" VALUES(117,1);
INSERT INTO "ComposerEras" VALUES(118,1);
INSERT INTO "ComposerEras" VALUES(119,1);
INSERT INTO "ComposerEras" VALUES(120,1);
INSERT INTO "ComposerEras" VALUES(121,1);
INSERT INTO "ComposerEras" VALUES(122,1);
INSERT INTO "ComposerEras" VALUES(123,1);
INSERT INTO "ComposerEras" VALUES(13,2);
INSERT INTO "ComposerEras" VALUES(14,2);
INSERT INTO "ComposerEras" VALUES(15,2);
INSERT INTO "ComposerEras" VALUES(16,2);
INSERT INTO "ComposerEras" VALUES(17,2);
INSERT INTO "ComposerEras" VALUES(18,2);
INSERT INTO "ComposerEras" VALUES(19,2);
INSERT INTO "ComposerEras" VALUES(20,2);
INSERT INTO "ComposerEras" VALUES(21,2);
INSERT INTO "ComposerEras" VALUES(22,2);
INSERT INTO "ComposerEras" VALUES(23,2);
INSERT INTO "ComposerEras" VALUES(24,2);
INSERT INTO "ComposerEras" VALUES(25,2);
INSERT INTO "ComposerEras" VALUES(26,2);
INSERT INTO "ComposerEras" VALUES(27,2);
INSERT INTO "ComposerEras" VALUES(28,2);
INSERT INTO "ComposerEras" VALUES(29,2);
INSERT INTO "ComposerEras" VALUES(30,2);
INSERT INTO "ComposerEras" VALUES(31,2);
INSERT INTO "ComposerEras" VALUES(32,2);
INSERT INTO "ComposerEras" VALUES(33,2);
INSERT INTO "ComposerEras" VALUES(34,2);
INSERT INTO "ComposerEras" VALUES(35,2);
INSERT INTO "ComposerEras" VALUES(36,2);
INSERT INTO "ComposerEras" VALUES(37,2);
INSERT INTO "ComposerEras" VALUES(38,2);
INSERT INTO "ComposerEras" VALUES(39,2);
INSERT INTO "ComposerEras" VALUES(40,2);
INSERT INTO "ComposerEras" VALUES(41,2);
INSERT INTO "ComposerEras" VALUES(42,2);
INSERT INTO "ComposerEras" VALUES(43,2);
INSERT INTO "ComposerEras" VALUES(44,2);
INSERT INTO "ComposerEras" VALUES(45,2);
INSERT INTO "ComposerEras" VALUES(46,2);
INSERT INTO "ComposerEras" VALUES(47,2);
INSERT INTO "ComposerEras" VALUES(48,2);
INSERT INTO "ComposerEras" VALUES(49,2);
INSERT INTO "ComposerEras" VALUES(50,2);
INSERT INTO "ComposerEras" VALUES(51,2);
INSERT INTO "ComposerEras" VALUES(52,2);
INSERT INTO "ComposerEras" VALUES(53,2);
INSERT INTO "ComposerEras" VALUES(54,2);
INSERT INTO "ComposerEras" VALUES(55,2);
INSERT INTO "ComposerEras" VALUES(56,2);
INSERT INTO "ComposerEras" VALUES(57,2);
INSERT INTO "ComposerEras" VALUES(58,2);
INSERT INTO "ComposerEras" VALUES(59,2);
INSERT INTO "ComposerEras" VALUES(60,2);
INSERT INTO "ComposerEras" VALUES(61,2);
INSERT INTO "ComposerEras" VALUES(62,2);
INSERT INTO "ComposerEras" VALUES(63,2);
INSERT INTO "ComposerEras" VALUES(64,2);
INSERT INTO "ComposerEras" VALUES(65,2);
INSERT INTO "ComposerEras" VALUES(66,2);
INSERT INTO "ComposerEras" VALUES(67,2);
INSERT INTO "ComposerEras" VALUES(68,2);
INSERT INTO "ComposerEras" VALUES(69,2);
INSERT INTO "ComposerEras" VALUES(70,2);
INSERT INTO "ComposerEras" VALUES(71,2);
INSERT INTO "ComposerEras" VALUES(72,2);
INSERT INTO "ComposerEras" VALUES(73,2);
INSERT INTO "ComposerEras" VALUES(74,2);
INSERT INTO "ComposerEras" VALUES(75,2);
INSERT INTO "ComposerEras" VALUES(76,2);
INSERT INTO "ComposerEras" VALUES(77,2);
INSERT INTO "ComposerEras" VALUES(78,2);
INSERT INTO "ComposerEras" VALUES(79,2);
INSERT INTO "ComposerEras" VALUES(80,2);
INSERT INTO "ComposerEras" VALUES(81,2);
INSERT INTO "ComposerEras" VALUES(82,2);
INSERT INTO "ComposerEras" VALUES(83,2);
INSERT INTO "ComposerEras" VALUES(84,2);
INSERT INTO "ComposerEras" VALUES(85,2);
INSERT INTO "ComposerEras" VALUES(86,2);
INSERT INTO "ComposerEras" VALUES(87,2);
INSERT INTO "ComposerEras" VALUES(88,2);
INSERT INTO "ComposerEras" VALUES(89,2);
INSERT INTO "ComposerEras" VALUES(90,2);
INSERT INTO "ComposerEras" VALUES(91,2);
INSERT INTO "ComposerEras" VALUES(92,2);
INSERT INTO "ComposerEras" VALUES(93,2);
INSERT INTO "ComposerEras" VALUES(94,2);
INSERT INTO "ComposerEras" VALUES(95,2);
INSERT INTO "ComposerEras" VALUES(96,2);
INSERT INTO "ComposerEras" VALUES(97,2);
INSERT INTO "ComposerEras" VALUES(98,2);
INSERT INTO "ComposerEras" VALUES(99,2);
INSERT INTO "ComposerEras" VALUES(100,2);
INSERT INTO "ComposerEras" VALUES(101,2);
INSERT INTO "ComposerEras" VALUES(102,2);
INSERT INTO "ComposerEras" VALUES(103,2);
INSERT INTO "ComposerEras" VALUES(104,2);
INSERT INTO "ComposerEras" VALUES(105,2);
INSERT INTO "ComposerEras" VALUES(106,2);
INSERT INTO "ComposerEras" VALUES(107,2);
INSERT INTO "ComposerEras" VALUES(108,2);
INSERT INTO "ComposerEras" VALUES(109,2);
INSERT INTO "ComposerEras" VALUES(110,2);
INSERT INTO "ComposerEras" VALUES(111,2);
INSERT INTO "ComposerEras" VALUES(112,2);
INSERT INTO "ComposerEras" VALUES(113,2);
INSERT INTO "ComposerEras" VALUES(114,2);
INSERT INTO "ComposerEras" VALUES(115,2);
INSERT INTO "ComposerEras" VALUES(116,2);
INSERT INTO "ComposerEras" VALUES(117,2);
INSERT INTO "ComposerEras" VALUES(118,2);
INSERT INTO "ComposerEras" VALUES(119,2);
INSERT INTO "ComposerEras" VALUES(120,2);
INSERT INTO "ComposerEras" VALUES(121,2);
INSERT INTO "ComposerEras" VALUES(122,2);
INSERT INTO "ComposerEras" VALUES(123,2);
INSERT INTO "ComposerEras" VALUES(124,3);
INSERT INTO "ComposerEras" VALUES(125,3);
INSERT INTO "ComposerEras" VALUES(126,3);
INSERT INTO "ComposerEras" VALUES(127,3);
INSERT INTO "ComposerEras" VALUES(128,3);
INSERT INTO "ComposerEras" VALUES(129,3);
INSERT INTO "ComposerEras" VALUES(130,3);
INSERT INTO "ComposerEras" VALUES(131,3);
INSERT INTO "ComposerEras" VALUES(132,3);
INSERT INTO "ComposerEras" VALUES(133,3);
INSERT INTO "ComposerEras" VALUES(134,3);
INSERT INTO "ComposerEras" VALUES(135,3);
INSERT INTO "ComposerEras" VALUES(136,3);
INSERT INTO "ComposerEras" VALUES(137,3);
INSERT INTO "ComposerEras" VALUES(138,3);
INSERT INTO "ComposerEras" VALUES(139,3);
INSERT INTO "ComposerEras" VALUES(140,3);
INSERT INTO "ComposerEras" VALUES(141,3);
INSERT INTO "ComposerEras" VALUES(142,3);
INSERT INTO "ComposerEras" VALUES(143,3);
INSERT INTO "ComposerEras" VALUES(144,3);
INSERT INTO "ComposerEras" VALUES(145,3);
INSERT INTO "ComposerEras" VALUES(146,3);
INSERT INTO "ComposerEras" VALUES(147,3);
INSERT INTO "ComposerEras" VALUES(148,3);
INSERT INTO "ComposerEras" VALUES(149,3);
INSERT INTO "ComposerEras" VALUES(150,3);
INSERT INTO "ComposerEras" VALUES(151,3);
INSERT INTO "ComposerEras" VALUES(152,3);
INSERT INTO "ComposerEras" VALUES(153,3);
INSERT INTO "ComposerEras" VALUES(154,3);
INSERT INTO "ComposerEras" VALUES(155,3);
INSERT INTO "ComposerEras" VALUES(156,3);
INSERT INTO "ComposerEras" VALUES(157,3);
INSERT INTO "ComposerEras" VALUES(158,3);
INSERT INTO "ComposerEras" VALUES(159,3);
INSERT INTO "ComposerEras" VALUES(160,3);
INSERT INTO "ComposerEras" VALUES(161,3);
INSERT INTO "ComposerEras" VALUES(162,3);
INSERT INTO "ComposerEras" VALUES(163,3);
INSERT INTO "ComposerEras" VALUES(164,3);
INSERT INTO "ComposerEras" VALUES(165,3);
INSERT INTO "ComposerEras" VALUES(166,3);
INSERT INTO "ComposerEras" VALUES(167,3);
INSERT INTO "ComposerEras" VALUES(168,3);
INSERT INTO "ComposerEras" VALUES(169,3);
INSERT INTO "ComposerEras" VALUES(170,3);
INSERT INTO "ComposerEras" VALUES(171,3);
INSERT INTO "ComposerEras" VALUES(172,3);
INSERT INTO "ComposerEras" VALUES(173,3);
INSERT INTO "ComposerEras" VALUES(174,3);
INSERT INTO "ComposerEras" VALUES(175,3);
INSERT INTO "ComposerEras" VALUES(176,3);
INSERT INTO "ComposerEras" VALUES(177,3);
INSERT INTO "ComposerEras" VALUES(178,3);
INSERT INTO "ComposerEras" VALUES(179,3);
INSERT INTO "ComposerEras" VALUES(180,3);
INSERT INTO "ComposerEras" VALUES(181,3);
INSERT INTO "ComposerEras" VALUES(182,3);
INSERT INTO "ComposerEras" VALUES(183,3);
INSERT INTO "ComposerEras" VALUES(184,3);
INSERT INTO "ComposerEras" VALUES(185,3);
INSERT INTO "ComposerEras" VALUES(186,3);
INSERT INTO "ComposerEras" VALUES(187,3);
INSERT INTO "ComposerEras" VALUES(188,3);
INSERT INTO "ComposerEras" VALUES(189,3);
INSERT INTO "ComposerEras" VALUES(190,3);
INSERT INTO "ComposerEras" VALUES(191,3);
INSERT INTO "ComposerEras" VALUES(192,3);
INSERT INTO "ComposerEras" VALUES(193,3);
INSERT INTO "ComposerEras" VALUES(194,3);
INSERT INTO "ComposerEras" VALUES(195,3);
INSERT INTO "ComposerEras" VALUES(196,3);
INSERT INTO "ComposerEras" VALUES(197,3);
INSERT INTO "ComposerEras" VALUES(198,3);
INSERT INTO "ComposerEras" VALUES(199,3);
INSERT INTO "ComposerEras" VALUES(200,3);
INSERT INTO "ComposerEras" VALUES(201,3);
INSERT INTO "ComposerEras" VALUES(202,3);
INSERT INTO "ComposerEras" VALUES(203,3);
INSERT INTO "ComposerEras" VALUES(204,3);
INSERT INTO "ComposerEras" VALUES(205,3);
INSERT INTO "ComposerEras" VALUES(206,3);
INSERT INTO "ComposerEras" VALUES(207,3);
INSERT INTO "ComposerEras" VALUES(208,3);
INSERT INTO "ComposerEras" VALUES(209,3);
INSERT INTO "ComposerEras" VALUES(210,3);
INSERT INTO "ComposerEras" VALUES(211,3);
INSERT INTO "ComposerEras" VALUES(212,3);
INSERT INTO "ComposerEras" VALUES(213,3);
INSERT INTO "ComposerEras" VALUES(214,3);
INSERT INTO "ComposerEras" VALUES(215,3);
INSERT INTO "ComposerEras" VALUES(216,3);
INSERT INTO "ComposerEras" VALUES(217,3);
INSERT INTO "ComposerEras" VALUES(218,3);
INSERT INTO "ComposerEras" VALUES(219,3);
INSERT INTO "ComposerEras" VALUES(220,3);
INSERT INTO "ComposerEras" VALUES(221,3);
INSERT INTO "ComposerEras" VALUES(222,3);
INSERT INTO "ComposerEras" VALUES(223,3);
INSERT INTO "ComposerEras" VALUES(224,3);
INSERT INTO "ComposerEras" VALUES(225,3);
INSERT INTO "ComposerEras" VALUES(226,3);
INSERT INTO "ComposerEras" VALUES(227,3);
INSERT INTO "ComposerEras" VALUES(228,3);
INSERT INTO "ComposerEras" VALUES(229,3);
INSERT INTO "ComposerEras" VALUES(230,3);
INSERT INTO "ComposerEras" VALUES(231,3);
INSERT INTO "ComposerEras" VALUES(232,3);
INSERT INTO "ComposerEras" VALUES(233,3);
INSERT INTO "ComposerEras" VALUES(234,3);
INSERT INTO "ComposerEras" VALUES(235,3);
INSERT INTO "ComposerEras" VALUES(236,3);
INSERT INTO "ComposerEras" VALUES(237,3);
INSERT INTO "ComposerEras" VALUES(238,3);
INSERT INTO "ComposerEras" VALUES(239,3);
INSERT INTO "ComposerEras" VALUES(240,3);
INSERT INTO "ComposerEras" VALUES(241,3);
INSERT INTO "ComposerEras" VALUES(242,3);
INSERT INTO "ComposerEras" VALUES(243,3);
INSERT INTO "ComposerEras" VALUES(244,3);
INSERT INTO "ComposerEras" VALUES(245,3);
INSERT INTO "ComposerEras" VALUES(246,3);
INSERT INTO "ComposerEras" VALUES(247,3);
INSERT INTO "ComposerEras" VALUES(248,3);
INSERT INTO "ComposerEras" VALUES(249,3);
INSERT INTO "ComposerEras" VALUES(250,3);
INSERT INTO "ComposerEras" VALUES(251,3);
INSERT INTO "ComposerEras" VALUES(252,3);
INSERT INTO "ComposerEras" VALUES(253,3);
INSERT INTO "ComposerEras" VALUES(254,3);
INSERT INTO "ComposerEras" VALUES(255,3);
INSERT INTO "ComposerEras" VALUES(256,3);
INSERT INTO "ComposerEras" VALUES(257,3);
INSERT INTO "ComposerEras" VALUES(258,3);
INSERT INTO "ComposerEras" VALUES(259,3);
INSERT INTO "ComposerEras" VALUES(260,3);
INSERT INTO "ComposerEras" VALUES(261,3);
INSERT INTO "ComposerEras" VALUES(262,3);
INSERT INTO "ComposerEras" VALUES(263,3);
INSERT INTO "ComposerEras" VALUES(264,3);
INSERT INTO "ComposerEras" VALUES(265,3);
INSERT INTO "ComposerEras" VALUES(266,3);
INSERT INTO "ComposerEras" VALUES(267,3);
INSERT INTO "ComposerEras" VALUES(268,3);
INSERT INTO "ComposerEras" VALUES(269,3);
INSERT INTO "ComposerEras" VALUES(270,3);
CREATE TABLE works (
workID int,
Title text,
Key text,
Date int,
compID int,
primary key (workID),
foreign key (compID) references composers(compID)
);
INSERT INTO "works" VALUES(1,'Symphony No.13','F major',1771,12);
INSERT INTO "works" VALUES(2,'Divertimento ("No.1")','E♭ major',1771,12);
INSERT INTO "works" VALUES(3,'Symphony No.14','A major',1771,12);
INSERT INTO "works" VALUES(4,'Sonata','D major',1773,12);
INSERT INTO "works" VALUES(5,'Symphony No.15','G major',1772,12);
INSERT INTO "works" VALUES(6,'Church Sonata ("No.4")','D major',1774,12);
INSERT INTO "works" VALUES(7,'Church Sonata ("No.5")','F major',1774,12);
INSERT INTO "works" VALUES(8,'Litaniae de venerabili altaris sacramento','B♭ major',1772,12);
INSERT INTO "works" VALUES(9,'Divertimento ("Salzburg Symphony No.1")','D major',1772,12);
INSERT INTO "works" VALUES(10,'Divertimento ("Salzburg Symphony No.2")','B♭ major',1772,12);
INSERT INTO "works" VALUES(11,'Divertimento ("Salzburg Symphony No.3")','F major',1772,12);
INSERT INTO "works" VALUES(12,'Die Zufriedenheit im niedrigen Stande ("Ich trachte nicht")','F major',1772,12);
INSERT INTO "works" VALUES(13,'Wie unglucklich bin ich nit','F major',1772,12);
INSERT INTO "works" VALUES(14,'Lobegesang auf die feierliche Johannisloge','D major',1774,12);
INSERT INTO "works" VALUES(16,'Regina coeli','B♭ major',1772,12);
INSERT INTO "works" VALUES(17,'Symphony No.16','C major',1772,12);
INSERT INTO "works" VALUES(18,'Symphony No.17','G major',1772,12);
INSERT INTO "works" VALUES(19,'Symphony No.18','F major',1772,12);
INSERT INTO "works" VALUES(20,'Divertimento ("No.2")','D major',1772,12);
INSERT INTO "works" VALUES(21,'Symphony No.19','E♭ major',1772,12);
INSERT INTO "works" VALUES(22,'Symphony No.20','D major',1772,12);
INSERT INTO "works" VALUES(23,'Symphony No.21','A major',1772,12);
INSERT INTO "works" VALUES(24,'String Quartet No.2 ("Divertimento")','D major',1772,12);
INSERT INTO "works" VALUES(25,'String Quartet No.3','G major',1772,12);
INSERT INTO "works" VALUES(26,'Lucio Silla','D major',1772,12);
INSERT INTO "works" VALUES(27,'Symphony No.50','D major',1774,12);
INSERT INTO "works" VALUES(28,'String Quartet No.4','C major',1772,12);
INSERT INTO "works" VALUES(29,'String Quartet No.5 ("Divertimento")','F major',1773,12);
INSERT INTO "works" VALUES(30,'Exsultate, jubilate','F major',1773,12);
INSERT INTO "works" VALUES(31,'String Quartet No.6 ("Divertimento")','B♭ major',1773,12);
INSERT INTO "works" VALUES(32,'String Quartet No.7','E♭ major',1773,12);
INSERT INTO "works" VALUES(33,'Divertimento ("No.4")','B♭ major',1773,12);
INSERT INTO "works" VALUES(34,'Divertimento ("No.3")','E♭ major',1773,12);
INSERT INTO "works" VALUES(35,'Symphony No.26','E♭ major',1773,12);
INSERT INTO "works" VALUES(36,'Symphony No.27','G major',1773,12);
INSERT INTO "works" VALUES(37,'Symphony No.22','C major',1773,12);
INSERT INTO "works" VALUES(38,'Symphony No.23','D major',1773,12);
INSERT INTO "works" VALUES(39,'Missa ("No.7" or "Trinitatis")','C major',1773,12);
INSERT INTO "works" VALUES(40,'Divertimento ("No.7")','D major',1773,12);
INSERT INTO "works" VALUES(41,'March','D major',1772,12);
INSERT INTO "works" VALUES(42,'Serenade ("No.3" or "Antretter")','D major',1773,12);
INSERT INTO "works" VALUES(43,'March','D major',1773,12);
INSERT INTO "works" VALUES(44,'String Quartet No.8','F major',1773,12);
INSERT INTO "works" VALUES(45,'String Quartet No.9','A major',1773,12);
INSERT INTO "works" VALUES(46,'String Quartet No.10','C major',1773,12);
INSERT INTO "works" VALUES(47,'String Quartet No.11','E♭ major',1773,12);
INSERT INTO "works" VALUES(48,'String Quartet No.12','B♭ major',1773,12);
INSERT INTO "works" VALUES(49,'String Quartet No.13','D minor',1773,12);
INSERT INTO "works" VALUES(50,'Variations (6) on "Mio caro adone"','G major',1773,12);
INSERT INTO "works" VALUES(51,'Symphony No.24','B♭ major',1773,12);
INSERT INTO "works" VALUES(52,'Symphony No.25','G minor',1773,12);
INSERT INTO "works" VALUES(53,'String Quintet No.1','B♭ major',1773,12);
INSERT INTO "works" VALUES(54,'Piano Concerto No.5','D major',1773,12);
INSERT INTO "works" VALUES(55,'Symphony No.29','A major',1774,12);
INSERT INTO "works" VALUES(56,'Symphony No.30','D major',1774,12);
INSERT INTO "works" VALUES(57,'Sonata','B♭ major',1773,12);
INSERT INTO "works" VALUES(58,'Litaniae Lauretanae','D major',1774,12);
INSERT INTO "works" VALUES(59,'Concertone','C major',1774,12);
INSERT INTO "works" VALUES(60,'Bassoon Concerto','B♭ major',1774,12);
INSERT INTO "works" VALUES(61,'Missa brevis ("Mass No.6")','F major',1774,12);
INSERT INTO "works" VALUES(62,'Dixit Dominus and Magnificat','C major',1774,12);
INSERT INTO "works" VALUES(63,'Missa brevis ("Mass No.8")','D major',1774,12);
INSERT INTO "works" VALUES(64,'Kyrie','D major',1774,12);
INSERT INTO "works" VALUES(65,'Variations (12) on a Minuet by Fischer','C major',1774,12);
INSERT INTO "works" VALUES(66,'Serenade ("No.4" or "Colloredo")','D major',1774,12);
INSERT INTO "works" VALUES(67,'March','D major',1774,12);
INSERT INTO "works" VALUES(68,'Piano Sonata No.1','C major',1775,12);
INSERT INTO "works" VALUES(69,'Piano Sonata No.2','F major',1775,12);
INSERT INTO "works" VALUES(70,'Piano Sonata No.3','B♭ major',1775,12);
INSERT INTO "works" VALUES(71,'Piano Sonata No.4','E♭ major',1775,12);
INSERT INTO "works" VALUES(72,'Piano Sonata No.5','G major',1775,12);
INSERT INTO "works" VALUES(73,'Symphony No.28','C major',1774,12);
INSERT INTO "works" VALUES(74,'Missa brevis ("Mass No.9" or "Spatzen")','C major',1775,12);
INSERT INTO "works" VALUES(76,'Sonata','B♭ major',1775,12);
INSERT INTO "works" VALUES(77,'Misericordias Domini','D minor',1775,12);
INSERT INTO "works" VALUES(78,'Piano Sonata No.6 ("Durnitz")','D major',1775,12);
INSERT INTO "works" VALUES(79,'Violin Concerto No.1','B♭ major',1773,12);
INSERT INTO "works" VALUES(80,'Allegro ("Symphony No.51")','D major',1775,12);
INSERT INTO "works" VALUES(81,'Si mostra la sorte','D major',1775,12);
INSERT INTO "works" VALUES(83,'Con ossequio, con rispetto','C major',1775,12);
INSERT INTO "works" VALUES(84,'March','C major',1775,12);
INSERT INTO "works" VALUES(85,'Violin Concerto No.3 ("Strassburg")','G major',1775,12);
INSERT INTO "works" VALUES(86,'Voi avete un cor fedele','G major',1775,12);
INSERT INTO "works" VALUES(87,'Violin Concerto No.4','D major',1775,12);
INSERT INTO "works" VALUES(88,'Violin Concerto No.5 ("Turkish")','A major',1775,12);
INSERT INTO "works" VALUES(89,'Piano Concerto No.6','B♭ major',1776,12);
INSERT INTO "works" VALUES(90,'Serenade ("No.6" or "Serenata notturna")','D major',1776,12);
INSERT INTO "works" VALUES(91,'Divertimento ("No.9")','B♭ major',1776,12);
INSERT INTO "works" VALUES(92,'Divertimento ("No.12")','E♭ major',1776,12);
INSERT INTO "works" VALUES(93,'Divertimento ("No.6")','C major',1773,12);
INSERT INTO "works" VALUES(94,'Church Sonata ("No.7" or "No.9")','G major',1776,12);
INSERT INTO "works" VALUES(95,'Church Sonata ("No.15" or "No.7")','F major',1780,12);
INSERT INTO "works" VALUES(96,'Church Sonata ("No.16" or "No.8")','A major',1780,12);
INSERT INTO "works" VALUES(97,'Flute Quartet ("No.4")','A major',1786,12);
INSERT INTO "works" VALUES(98,'Variations (12) on "Je suis Lindor"','E♭ major',1778,12);
INSERT INTO "works" VALUES(99,'La chasse','A major',1778,12);
INSERT INTO "works" VALUES(100,'Gavotte','B♭ major',1778,12);
INSERT INTO "works" VALUES(101,'Symphony No.31 ("Paris")','D major',1778,12);
INSERT INTO "works" VALUES(102,'Popoli di Tessaglia ("Io non chiedo")','C major',1779,12);
INSERT INTO "works" VALUES(103,'Violin Sonata ("No.21")','E minor',1778,12);
INSERT INTO "works" VALUES(104,'Piano Sonata No.8','A minor',1778,12);
INSERT INTO "works" VALUES(105,'Capriccio','C major',1777,12);
INSERT INTO "works" VALUES(106,'Piano Sonata','C major',1783,12);
INSERT INTO "works" VALUES(107,'Piano Sonata No.11 ("Alla Turca")','A major',1783,12);
INSERT INTO "works" VALUES(108,'Piano Sonata No.12','F major',1783,12);
INSERT INTO "works" VALUES(109,'Violin Sonata ("No.23")','D major',1778,12);
INSERT INTO "works" VALUES(110,'Piano Sonata No.13 ("Linz")','B♭ major',1783,12);
INSERT INTO "works" VALUES(111,'Variations (9) on "Lison dormait"','C major',1778,12);
INSERT INTO "works" VALUES(112,'Concerto for Violin and Piano','D major',1778,12);
INSERT INTO "works" VALUES(113,'Piano Concerto No.10','E♭ major',1779,12);
INSERT INTO "works" VALUES(115,'Mass ("No.15" or "Coronation")','C major',1779,12);
INSERT INTO "works" VALUES(116,'Church Sonata ("No.13" or "No.16")','C major',1779,12);
INSERT INTO "works" VALUES(117,'Kommet her, ihr frechen Sünder','B♭ major',1779,12);
INSERT INTO "works" VALUES(118,'Church Sonata ("No.14" or "No.15")','C major',1779,12);
INSERT INTO "works" VALUES(119,'Violin Sonata ("No.26")','B♭ major',1779,12);
INSERT INTO "works" VALUES(120,'Symphony No.32','G major',1779,12);
INSERT INTO "works" VALUES(121,'Symphony No.33','B♭ major',1779,12);
INSERT INTO "works" VALUES(122,'Serenade ("No.9" or "Posthorn")','D major',1779,12);
INSERT INTO "works" VALUES(123,'Marches (2)','D major',1779,12);
INSERT INTO "works" VALUES(124,'Divertimento','D major',1773,12);
INSERT INTO "works" VALUES(125,'Divertimento','D major',1779,12);
INSERT INTO "works" VALUES(126,'March','D major',1780,12);
INSERT INTO "works" VALUES(127,'Sinfonia concertante','E♭ major',1779,12);
INSERT INTO "works" VALUES(128,'Sinfonia concertante','A major',1779,12);
INSERT INTO "works" VALUES(129,'Vesperae de Dominica','C major',1779,12);
INSERT INTO "works" VALUES(130,'Regina coeli','C major',1779,12);
INSERT INTO "works" VALUES(131,'Kyrie','C major',1779,12);
INSERT INTO "works" VALUES(132,'Church Sonata (""No.17"")"','C major',1780,12);
INSERT INTO "works" VALUES(134,'Missa solemnis ("Mass No.16")','C major',1780,12);
INSERT INTO "works" VALUES(135,'Symphony No.34','C major',1780,12);
INSERT INTO "works" VALUES(136,'Vesperae solennes de confessore','C major',1780,12);
INSERT INTO "works" VALUES(137,'Verdankt sei es dem Glanz','F major',1780,12);
INSERT INTO "works" VALUES(138,'An die Einsamkeit ("Sei du mein trost")','B♭ major',1780,12);
INSERT INTO "works" VALUES(139,'An die Hoffnung ("Ich würd auf meinem Pfad")','D minor',1780,12);
INSERT INTO "works" VALUES(140,'Die Zufriedenheit','G major',1780,12);
INSERT INTO "works" VALUES(141,'Komm, liebe Zither komm','C major',1781,12);
INSERT INTO "works" VALUES(142,'Ma che vi fece','F major',1781,12);
INSERT INTO "works" VALUES(143,'Kyrie','D minor',1781,12);
INSERT INTO "works" VALUES(144,'Oboe Quartet','F major',1781,12);
INSERT INTO "works" VALUES(145,'Misera, dove son! ("Ah! non son io")','E♭ major',1781,12);
INSERT INTO "works" VALUES(146,'Serenade ("No.10" or "Gran partita")','B♭ major',1781,12);
INSERT INTO "works" VALUES(147,'Horn Concerto','E♭ major',1781,12);
INSERT INTO "works" VALUES(148,'Rondo','E♭ major',1781,12);
INSERT INTO "works" VALUES(149,'Allegro','B♭ major',1781,12);
INSERT INTO "works" VALUES(150,'Allegro','B♭ major',1782,12);
INSERT INTO "works" VALUES(151,'Rondo','C major',1781,12);
INSERT INTO "works" VALUES(152,'Violin Sonata ("No.27")','G major',1781,12);
INSERT INTO "works" VALUES(153,'A questo seno deh vieni ("Or che il cielo")','E♭ major',1781,12);
INSERT INTO "works" VALUES(154,'Variations (12) on "La bergère Célimene"','G major',1781,12);
INSERT INTO "works" VALUES(155,'Variations (6) on "Hélas, j''ai perdu mon amant"','G major',1781,12);
INSERT INTO "works" VALUES(156,'Variations (8) on "Dieu d''amour"','F major',1781,12);
INSERT INTO "works" VALUES(157,'Violin Sonata ("No.24")','F major',1781,12);
INSERT INTO "works" VALUES(158,'Violin Sonata ("No.25")','F major',1781,12);
INSERT INTO "works" VALUES(159,'Violin Sonata ("No.28")','E♭ major',1781,12);
INSERT INTO "works" VALUES(160,'Piano Trio No.1','E♭ major',1792,13);
INSERT INTO "works" VALUES(163,'Piano Trio No.2','G major',1792,13);
INSERT INTO "works" VALUES(164,'Piano Trio No.3','C minor',1792,13);
INSERT INTO "works" VALUES(165,'Piano Sonata No.1','F minor',1793,13);
INSERT INTO "works" VALUES(167,'Piano Sonata No.2','A major',1794,13);
INSERT INTO "works" VALUES(168,'Piano Sonata No.3','C major',1794,13);
INSERT INTO "works" VALUES(169,'String Trio','E♭ major',1794,13);
INSERT INTO "works" VALUES(170,'String Quintet','E♭ major',1795,13);
INSERT INTO "works" VALUES(171,'Cello Sonata No.1','F major',1796,13);
INSERT INTO "works" VALUES(173,'Cello Sonata No.2','G minor',1796,13);
INSERT INTO "works" VALUES(174,'Sonata','D major',1796,13);
INSERT INTO "works" VALUES(175,'Piano Sonata No.4 ("Grand Sonata")','E♭ major',1796,13);
INSERT INTO "works" VALUES(176,'Serenade','D major',1796,13);
INSERT INTO "works" VALUES(177,'String Trio','G major',1797,13);
INSERT INTO "works" VALUES(179,'String Trio','D major',1797,13);
INSERT INTO "works" VALUES(180,'String Trio','C minor',1797,13);
INSERT INTO "works" VALUES(181,'Piano Sonata No.5','C minor',1795,13);
INSERT INTO "works" VALUES(183,'Piano Sonata No.6','F major',1796,13);
INSERT INTO "works" VALUES(184,'Piano Sonata No.7','D major',1797,13);
INSERT INTO "works" VALUES(185,'Trio ("Gassenhauer")','B♭ major',1797,13);
INSERT INTO "works" VALUES(186,'Violin Sonata No.1','D major',1797,13);
INSERT INTO "works" VALUES(188,'Violin Sonata No.2','A major',1797,13);
INSERT INTO "works" VALUES(189,'Violin Sonata No.3','E♭ major',1797,13);
INSERT INTO "works" VALUES(190,'Piano Sonata No.8 ("Pathétique")','C minor',1797,13);
INSERT INTO "works" VALUES(191,'Piano Sonata No.9','E major',1798,13);
INSERT INTO "works" VALUES(193,'Piano Sonata No.10','G major',1799,13);
INSERT INTO "works" VALUES(194,'Piano Concerto No.1','C major',1795,13);
INSERT INTO "works" VALUES(195,'Quintet','E♭ major',1796,13);
INSERT INTO "works" VALUES(196,'Quintet','E♭ major',1796,13);
INSERT INTO "works" VALUES(197,'Horn Sonata','F major',1800,13);
INSERT INTO "works" VALUES(198,'String Quartet No.1','F major',1798,13);
INSERT INTO "works" VALUES(200,'String Quartet No.2 ("Compliments")','G major',1798,13);
INSERT INTO "works" VALUES(201,'String Quartet No.3','D major',1798,13);
INSERT INTO "works" VALUES(202,'String Quartet No.4','C minor',1798,13);
INSERT INTO "works" VALUES(203,'String Quartet No.5','A major',1798,13);
INSERT INTO "works" VALUES(204,'String Quartet No.6','B♭ major',1798,13);
INSERT INTO "works" VALUES(205,'Piano Concerto No.2','B♭ major',1788,13);
INSERT INTO "works" VALUES(206,'Septet','E♭ major',1799,13);
INSERT INTO "works" VALUES(207,'Symphony No.1','C major',1799,13);
INSERT INTO "works" VALUES(208,'Piano Sonata No.11','B♭ major',1800,13);
INSERT INTO "works" VALUES(209,'Violin Sonata No.4','A minor',1800,13);
INSERT INTO "works" VALUES(210,'Violin Sonata No.5 ("Spring")','F major',1800,13);
INSERT INTO "works" VALUES(211,'Serenade','D major',1801,13);
INSERT INTO "works" VALUES(212,'Piano Sonata No.12 ("Funeral March")','A♭ major',1800,13);
INSERT INTO "works" VALUES(213,'Piano Sonata No.13 ("Quasi una fantasia")','E♭ major',1800,13);
INSERT INTO "works" VALUES(215,'Piano Sonata No.14 ("Moonlight")','C♯ minor',1801,13);
INSERT INTO "works" VALUES(216,'Piano Sonata No.15 ("Pastoral")','D major',1801,13);
INSERT INTO "works" VALUES(217,'String Quintet ("Storm")','C major',1801,13);
INSERT INTO "works" VALUES(218,'Violin Sonata No.6','A major',1801,13);
INSERT INTO "works" VALUES(220,'Violin Sonata No.7 ("Eroica")','C minor',1801,13);
INSERT INTO "works" VALUES(221,'Violin Sonata No.8','G major',1801,13);
INSERT INTO "works" VALUES(222,'Piano Sonata No.16','G major',1802,13);
INSERT INTO "works" VALUES(224,'Piano Sonata No.17 ("Tempest")','D minor',1802,13);
INSERT INTO "works" VALUES(225,'Piano Sonata No.18 ("Hunt")','E♭ major',1802,13);
INSERT INTO "works" VALUES(226,'Bagatelle','E♭ major',1801,13);
INSERT INTO "works" VALUES(229,'Bagatelle','C major',1801,13);
INSERT INTO "works" VALUES(230,'Bagatelle','F major',1801,13);
INSERT INTO "works" VALUES(231,'Bagatelle','C major',1801,13);
INSERT INTO "works" VALUES(232,'Bagatelle','A major',1801,13);
INSERT INTO "works" VALUES(233,'Bagatelle','D major',1801,13);
INSERT INTO "works" VALUES(234,'Bagatelle','A♭ major',1801,13);
INSERT INTO "works" VALUES(235,'Variations (6)','F major',1802,13);
INSERT INTO "works" VALUES(236,'Variations and Fugue ("Eroica Variations")','E♭ major',1802,13);
INSERT INTO "works" VALUES(237,'Symphony No.2','D major',1801,13);
INSERT INTO "works" VALUES(238,'Symphony No.2','D major',1805,13);
INSERT INTO "works" VALUES(239,'Piano Concerto No.3','C minor',1800,13);
INSERT INTO "works" VALUES(240,'Trio','E♭ major',1802,13);
INSERT INTO "works" VALUES(241,'Preludes (2) ("par tous les 12 tons majeurs")','C major',1789,13);
INSERT INTO "works" VALUES(242,'Prelude','C major',1789,13);
INSERT INTO "works" VALUES(243,'Prelude','C major',1789,13);
INSERT INTO "works" VALUES(244,'Romance','G major',1800,13);
INSERT INTO "works" VALUES(245,'Serenade','D major',1803,13);
INSERT INTO "works" VALUES(246,'Notturno','D major',1803,13);
INSERT INTO "works" VALUES(247,'Violin Sonata No.9 ("Kreutzer")','A major',1802,13);
INSERT INTO "works" VALUES(248,'Bitten" ("Gott, deine Güte reicht so weit")','E major',1801,13);
INSERT INTO "works" VALUES(250,'Die Liebe des Nächsten ("So jemand spricht: Ich liebe Gott!")','E♭ major',1801,13);
INSERT INTO "works" VALUES(251,'Vom Tode ("Meine Lebenszeit verstreicht")','F♯ minor',1801,13);
INSERT INTO "works" VALUES(252,'Die Ehre Gottes aus der Natur ("Die Himmel rühmen des Ewigen Ehre")','C major',1801,13);
INSERT INTO "works" VALUES(253,'Gottes Macht und Vorsehung ("Gott ist mein Leid!")','C major',1801,13);
INSERT INTO "works" VALUES(254,'Bußlied ("An dir allein, an dir hab ich gendigt")','A minor',1801,13);
INSERT INTO "works" VALUES(255,'Piano Sonatas (2):','G minor',1797,13);
INSERT INTO "works" VALUES(256,'Piano Sonata No.19','G minor',1797,13);
INSERT INTO "works" VALUES(257,'Piano Sonata No.20','G major',1795,13);
INSERT INTO "works" VALUES(258,'Romance','F major',1798,13);
INSERT INTO "works" VALUES(259,'Rondos (2):','C major',1796,13);
INSERT INTO "works" VALUES(260,'Rondo','C major',1796,13);
INSERT INTO "works" VALUES(261,'Rondo','G major',1798,13);
INSERT INTO "works" VALUES(262,'Piano Sonata No.21 ("Waldstein")','C major',1803,13);
INSERT INTO "works" VALUES(263,'Piano Sonata No.22','F major',1804,13);
INSERT INTO "works" VALUES(264,'Symphony No.3 ("Eroica")','E♭ major',1803,13);
INSERT INTO "works" VALUES(265,'Triple Concerto','C major',1804,13);
INSERT INTO "works" VALUES(266,'Piano Sonata No.23 ("Appassionata")','F minor',1804,13);
INSERT INTO "works" VALUES(267,'Piano Concerto No.4','G major',1804,13);
INSERT INTO "works" VALUES(268,'Piano Concerto No.4','G major',1804,13);
INSERT INTO "works" VALUES(269,'String Quartets (3) ("Razumovsky"):','F major',1806,13);
INSERT INTO "works" VALUES(270,'String Quartet No.7','F major',1806,13);
INSERT INTO "works" VALUES(271,'String Quartet No.8','E minor',1806,13);
INSERT INTO "works" VALUES(272,'String Quartet No.9','C major',1806,13);
INSERT INTO "works" VALUES(273,'Symphony No.4','B♭ major',1806,13);
INSERT INTO "works" VALUES(274,'Violin Concerto','D major',1806,13);
INSERT INTO "works" VALUES(275,'Piano Concerto','D major',1807,13);
INSERT INTO "works" VALUES(276,'Variations on ''Ein Mädchen oder Weibchen'' (12)','F major',1796,13);
INSERT INTO "works" VALUES(277,'Symphony No.5','C minor',1804,13);
INSERT INTO "works" VALUES(278,'Symphony No.6','F major',1807,13);
INSERT INTO "works" VALUES(279,'Cello Sonata No.3','A major',1807,13);
INSERT INTO "works" VALUES(280,'Piano Trios (2):','E♭ major',1808,13);
INSERT INTO "works" VALUES(281,'Piano Trio ("Ghost")','D major',1808,13);
INSERT INTO "works" VALUES(282,'Piano Trio','E♭ major',1808,13);
INSERT INTO "works" VALUES(283,'Sextet','E♭ major',1792,13);
INSERT INTO "works" VALUES(284,'Piano Concerto No.5 ("Emperor")','E♭ major',1808,13);
INSERT INTO "works" VALUES(285,'String Quartet No.10 ("Harp")','E♭ major',1809,13);
INSERT INTO "works" VALUES(286,'Notturno','G major',1814,117);
INSERT INTO "works" VALUES(287,'Trost. an Elisa ("Lehnst du deine bleichgehärmte Wange")','A minor',1814,117);
INSERT INTO "works" VALUES(288,'Erinnerungen ("Am Seegestad")','B♭ major',1814,117);
INSERT INTO "works" VALUES(290,'Andenken ("Ich denke dein")','F major',1814,117);
INSERT INTO "works" VALUES(291,'Geisternähe ("Der Dämmrung Schein")','E♭ major',1814,117);
INSERT INTO "works" VALUES(292,'Erinnerung (""Kein Rosenschimmer leuchtet Totenopfer"")','E minor',1814,117);
INSERT INTO "works" VALUES(293,'Die Betende ("Laura betet!")','B major',1814,117);
INSERT INTO "works" VALUES(294,'String Quartet','C minor',1814,117);
INSERT INTO "works" VALUES(295,'Die Befreier Europas in Paris ("Sie sind in Paris!")','G major',1814,117);
INSERT INTO "works" VALUES(298,'Mass No.1','F major',1814,117);
INSERT INTO "works" VALUES(299,'Salve Regina','B♭ major',1814,117);
INSERT INTO "works" VALUES(300,'Lied aus der Ferne ("Wenn in des Abends letztem Scheine")','D major',1814,117);
INSERT INTO "works" VALUES(302,'Der Abend ("Purpur malt die Tannenhügel")','D minor',1814,117);
INSERT INTO "works" VALUES(303,'Lied der Liebe ("Durch Fichten am Hügel")','B♭ major',1814,117);
INSERT INTO "works" VALUES(304,'String Trio','B♭ major',1814,117);
INSERT INTO "works" VALUES(307,'String Quartet No.8','B♭ major',1814,117);
INSERT INTO "works" VALUES(308,'An Emma ("Weit in nebelgrauer ferne")','F major',1814,117);
INSERT INTO "works" VALUES(313,'An Laura, als sie Klopstocks Auferstehungslied sang ("Herzen, die gen 
Himmel sich erheben")','E major',1814,117);
INSERT INTO "works" VALUES(314,'Der Geistertanz ("Die bretterne Kammer der Toten erbebt")','C minor',1814,117);
INSERT INTO "works" VALUES(315,'Das Mädchen aus der Fremde ("In einem Tal bei armen Hirten")','A major',1814,117);
INSERT INTO "works" VALUES(316,'Gretchen am Spinnrade ("Meine Ruh'' ist hin")','D minor',1814,117);
INSERT INTO "works" VALUES(317,'Nachtgesang ("O gib vom weichen Pfühle")','A♭ major',1814,117);
INSERT INTO "works" VALUES(318,'Trost in Tränen ("Wie kommt''s, dass du so traurig bist")','F major',1814,117);
INSERT INTO "works" VALUES(319,'Schäfers Klagelied (""Da droben auf jenem Berge"")"','C minor',1814,117);
INSERT INTO "works" VALUES(321,'Ammenlied ("Am hohen, hohen Turm")','G minor',1814,117);
INSERT INTO "works" VALUES(322,'Sehnsucht ("Was zieht mir das Herz so?")','G major',1814,117);
INSERT INTO "works" VALUES(323,'Am See ("Sitz'' ich im Gras")','G minor',1814,117);
INSERT INTO "works" VALUES(325,'Symphony No.2','B♭ major',1814,117);
INSERT INTO "works" VALUES(326,'Szene aus Goethe''s "Faust" ("Wie anders, Gretchen, war dir''s")','C minor',1814,117);
INSERT INTO "works" VALUES(342,'Auf einen Kirchhof ("Sei gegrüsst, geweihte Stille")','A major',1815,117);
INSERT INTO "works" VALUES(343,'Minona ("Wie treiben die Wolden so finster")','A minor',1815,117);
INSERT INTO "works" VALUES(344,'Als ich sie erröten sah ("All'' mein Wirken")','G major',1815,117);
INSERT INTO "works" VALUES(345,'Allegro','E major',1815,117);
INSERT INTO "works" VALUES(346,'Das Bild ("Ein Mädchen ist''s")','F major',1815,117);
INSERT INTO "works" VALUES(348,'Piano Sonata No.1','E major',1815,117);
INSERT INTO "works" VALUES(349,'Ecossaise','D minor/F major',1815,117);
INSERT INTO "works" VALUES(351,'Die Erwartung ("Hör ich das Pförtchen nicht gehen?")','B♭ major',1816,117);
INSERT INTO "works" VALUES(352,'Am Flusse ("Verfliessest, vielgeliebte Lieder")','D minor',1815,117);
INSERT INTO "works" VALUES(354,'An Mignon ("Über Tal und Fluss getragen")','G minor',1815,117);
INSERT INTO "works" VALUES(355,'Nähe des Geliebten ("Ich denke dein")','G♭ major',1815,117);
INSERT INTO "works" VALUES(356,'Sängers Morgenlied ("Süsses Licht!")','G major',1815,117);
INSERT INTO "works" VALUES(357,'Liebesrausch ("Glanz des Guten und des Schönen")','G major',1815,117);
INSERT INTO "works" VALUES(358,'Sängers Morgenlied ("Süsses Licht!")','C major',1815,117);
INSERT INTO "works" VALUES(359,'Amphiaraos ("Vor Thebens siebenfach gähnenden Toren")','G minor',1815,117);
INSERT INTO "works" VALUES(360,'Mass No.2','G major',1815,117);
INSERT INTO "works" VALUES(361,'Trinklied vor der Schlacht ("Schlacht, du brichst an!")','C major',1815,117);
INSERT INTO "works" VALUES(362,'Schwertlied ("Du Schwert an meiner Linken")','C major',1815,117);
INSERT INTO "works" VALUES(363,'Gebet während der Schlacht ("Vater, ich rufe dich!")','B♭ major',1815,117);
INSERT INTO "works" VALUES(364,'Der Morgenstern ("Stern der Liebe")','G♭ major',1815,117);
INSERT INTO "works" VALUES(365,'String Quartet No.9','G minor',1815,117);
INSERT INTO "works" VALUES(366,'Das war ich ("Jüngst träumte mir")','G major',1815,117);
INSERT INTO "works" VALUES(367,'Das war ich ("Jüngst träumte mir")','D major',1816,117);
INSERT INTO "works" VALUES(368,'Stabat Mater','G minor',1815,117);
INSERT INTO "works" VALUES(369,'Die Sterne ("Was funkelt ihr so mild mich an?")','A♭ major',1815,117);
INSERT INTO "works" VALUES(370,'Vergebliche Liebe ("Ja, ich weiss es")','C minor',1815,117);
INSERT INTO "works" VALUES(371,'Adagio','G major',1815,117);
INSERT INTO "works" VALUES(372,'Etude No. 1','C major',1830,146);
INSERT INTO "works" VALUES(373,'Etude No. 2','A minor',1830,146);
INSERT INTO "works" VALUES(374,'Etude No. 3','E major',1830,146);
INSERT INTO "works" VALUES(375,'Impromptu No. 1','A-flat major',1837,146);
INSERT INTO "works" VALUES(376,'Impromptu No. 2','F-sharp major',1839,146);
INSERT INTO "works" VALUES(377,'Nocturne Op. 9, No. 3','B major',1830,146);
INSERT INTO "works" VALUES(378,'Nocturne Op. 55, No. 2','E-flat major',1843,146);
INSERT INTO "works" VALUES(379,'Nocturne Op. 62, No. 2','E major',1846,146);
INSERT INTO "works" VALUES(380,'Prelude Op. 28, No. 1','C major',1839,146);
INSERT INTO "works" VALUES(381,'Prelude Op. 28, No. 7','A major',1836,146);
COMMIT;
